Workbook

Sheet Sheet1
A1: Customer ID | B1: Customer Name | C1: Invoice Number | D1: Invoice Date | E1: Due Date | F1: Invoice Amount | G1: Amount Received | H1: Outstanding Amount | I1: Collection Status | J1: Days Outstanding
A2: C001 | B2: Alpha Retail | C2: AR-001 | D2: 45755 | E2: 45785 | F2: 75000 | G2: 40000 | H2: =F2-G2 -> 35000 | I2: =IF(H2=0,"Collected",IF(G2=0,"Uncollected","Partially Collected")) -> Partially Collected | J2: =IF(H2=0,0,MAX(0,DATE(2026,3,31)-E2)) -> 327
A3: C002 | B3: Beta Stores | C3: AR-002 | D3: 45762 | E3: 45792 | F3: 60000 | G3: 0 | H3: =F3-G3 -> 60000 | I3: =IF(H3=0,"Collected",IF(G3=0,"Uncollected","Partially Collected")) -> Uncollected | J3: =IF(H3=0,0,MAX(0,DATE(2026,3,31)-E3)) -> 320
A4: C003 | B4: City Mart | C4: AR-003 | D4: 45767 | E4: 45797 | F4: 45000 | G4: 45000 | H4: =F4-G4 -> 0 | I4: =IF(H4=0,"Collected",IF(G4=0,"Uncollected","Partially Collected")) -> Collected | J4: =IF(H4=0,0,MAX(0,DATE(2026,3,31)-E4)) -> 0
A5: C004 | B5: Daily Needs | C5: AR-004 | D5: 45772 | E5: 45802 | F5: 30000 | G5: 10000 | H5: =F5-G5 -> 20000 | I5: =IF(H5=0,"Collected",IF(G5=0,"Uncollected","Partially Collected")) -> Partially Collected | J5: =IF(H5=0,0,MAX(0,DATE(2026,3,31)-E5)) -> 310
A6: C005 | B6: Metro Traders | C6: AR-005 | D6: 45777 | E6: 45807 | F6: 90000 | G6: 0 | H6: =F6-G6 -> 90000 | I6: =IF(H6=0,"Collected",IF(G6=0,"Uncollected","Partially Collected")) -> Uncollected | J6: =IF(H6=0,0,MAX(0,DATE(2026,3,31)-E6)) -> 305
A8: TOTAL | F8: =SUM(F2:F6) -> 300000 | G8: =SUM(G2:G6) -> 95000 | H8: =SUM(H2:H6) -> 205000

Sheet COLLECTION REGISTER
A1: Receipt ID | B1: Receipt Date | C1: Customer ID | D1: Customer Name | E1: Invoice Number | F1: Invoice Amount | G1: Amount Received | H1: Payment Method | I1: Reference Number | J1: Remaining Balance
A2: R001 | B2: 45762 | C2: C001 | D2: {=INDEX('Customer Master'!B:B,MATCH(C2,'Customer Master'!A:A,0))} -> Alpha Retail | E2: AR-001 | F2: {=INDEX('Invoice Master'!B2:B6,MATCH(E2,'Invoice Master'!A2:A6,0))} -> 75000 | G2: 40000 | H2: Bank Transfer | I2: REC001 | J2: =F2-G2 -> 35000
A3: R002 | B3: 45774 | C3: C003 | D3: {=INDEX('Customer Master'!B:B,MATCH(C3,'Customer Master'!A:A,0))} -> City Mart | E3: AR-003 | F3: {=INDEX('Invoice Master'!B3:B7,MATCH(E3,'Invoice Master'!A3:A7,0))} -> 45000 | G3: 45000 | H3: Bank Transfer | I3: REC002 | J3: =F3-G3 -> 0
A4: R003 | B4: 45777 | C4: C004 | D4: {=INDEX('Customer Master'!B:B,MATCH(C4,'Customer Master'!A:A,0))} -> Daily Needs | E4: AR-004 | F4: {=INDEX('Invoice Master'!B4:B8,MATCH(E4,'Invoice Master'!A4:A8,0))} -> 30000 | G4: 10000 | H4: Bank Transfer | I4: REC003 | J4: =F4-G4 -> 20000
A5: TOTAL | F5: =SUM(F2:F4) -> 150000 | G5: =SUM(G2:G4) -> 95000 | J5: =SUM(J2:J4) -> 55000
A7: COLLECTION CHECK | C7: =IF(G5=95000,"BALANCED","ERROR") -> BALANCED

Sheet Customer Master
A1: Customer ID | B1: Customer Name
A2: C001 | B2: Alpha Retail
A3: C002 | B3: Beta Stores
A4: C003 | B4: City Mart
A5: C004 | B5: Daily Needs
A6: C005 | B6: Metro Traders

Sheet Invoice Master
A1: Invoice Number | B1: Invoice Amount
A2: AR-001 | B2: 75000
A3: AR-002 | B3: 60000
A4: AR-003 | B4: 45000
A5: AR-004 | B5: 30000
A6: AR-005 | B6: 90000
